{"cameraMode":{"drawMode":0,"name":"Shaded","section":"Shading Mode"},"sceneLighting":false,"audioPlay":false,"sceneViewState":{"m_AlwaysRefresh":true,"showFog":true,"showSkybox":false,"showFlares":true,"showImageEffects":true,"showParticleSystems":true,"showVisualEffectGraphs":true,"m_FxEnabled":true},"in2DMode":false,"pivot":{"x":-0.2924741208553314,"y":1.06522798538208,"z":-0.5910400748252869},"rotation":{"x":0.009032802656292916,"y":-0.9406498670578003,"z":-0.025122594088315965,"w":-0.3383864760398865},"size":1.3845001459121705,"orthographic":false}