{"cameraMode":{"drawMode":0,"name":"Shaded","section":"Shading Mode"},"sceneLighting":true,"audioPlay":false,"sceneViewState":{"m_AlwaysRefresh":true,"showFog":true,"showSkybox":true,"showFlares":true,"showImageEffects":true,"showParticleSystems":true,"showVisualEffectGraphs":true,"m_FxEnabled":true},"in2DMode":false,"pivot":{"x":6.300000190734863,"y":8.499792098999024,"z":7.253849983215332},"rotation":{"x":-0.013398104347288609,"y":-0.9375030398368836,"z":-0.036928411573171619,"w":0.34610193967819216},"size":0.594612181186676,"orthographic":false}